job_id,site,title,company,location,salary,description,posted_date,skills,url,scraped_at
"16335520995605705480","RemoteOK","Senior Fullstack Software Engineer verified Blotato Â  ğŸŒ Worldwide ğŸ’° $80k - $120k","Senior Fullstack Software Engineer verified Blotato Â  ğŸŒ Worldwide ğŸ’° $80k - $120k","","","","10d","","https://remoteok.com/remote-jobs/remote-senior-fullstack-software-engineer-blotato-1093150","2025-05-19 22:41:53"
"11109977817431239993","RemoteOK","Full Stack Software Engineer verified Daisychain Â  ğŸ’ƒ Latin America ğŸŒ North America ğŸŒ Worldwide ğŸ’° $70k - $160k","Full Stack Software Engineer verified Daisychain Â  ğŸ’ƒ Latin America ğŸŒ North America ğŸŒ Worldwide ğŸ’° $70k - $160k","","","","5d","","https://remoteok.com/remote-jobs/remote-full-stack-software-engineer-daisychain-1093170","2025-05-19 22:41:53"
"3221164941878895506","RemoteOK","Javascript Fullstack Engineer Senior ğŸˆ Lumenalta Â  ğŸŒ Worldwide ğŸ‡ªğŸ‡º Europe ğŸ’° $50k - $90k","Javascript Fullstack Engineer Senior ğŸˆ Lumenalta Â  ğŸŒ Worldwide ğŸ‡ªğŸ‡º Europe ğŸ’° $50k - $90k","","","","11d","","https://remoteok.com/remote-jobs/remote-javascript-fullstack-engineer-senior-lumenalta-1092919","2025-05-19 22:41:53"
"12073274772021508767","RemoteOK","Mobile App Developer verified CrazyGames Â  ğŸ‡ªğŸ‡º Europe ğŸ’° $40k - $70k","Mobile App Developer verified CrazyGames Â  ğŸ‡ªğŸ‡º Europe ğŸ’° $40k - $70k","","","","13d","","https://remoteok.com/remote-jobs/remote-mobile-app-developer-crazygames-1093117","2025-05-19 22:41:53"
"7909627677574982682","RemoteOK","Senior Software Engineer verified Contra Â  ğŸ‡¨ğŸ‡¦ Canada ğŸ’° $120k - $150k â° Contractor","Senior Software Engineer verified Contra Â  ğŸ‡¨ğŸ‡¦ Canada ğŸ’° $120k - $150k â° Contractor","","","","18d","","https://remoteok.com/remote-jobs/remote-senior-software-engineer-contra-1093088","2025-05-19 22:41:53"
"10922094485004209103","RemoteOK","Senior Full Stack Developer verified Zammad Â  ğŸ‡ªğŸ‡º Europe ğŸ’° $40k - $80k","Senior Full Stack Developer verified Zammad Â  ğŸ‡ªğŸ‡º Europe ğŸ’° $40k - $80k","","","","25d","","https://remoteok.com/remote-jobs/remote-senior-full-stack-developer-zammad-1093045","2025-05-19 22:41:53"
"7627817063094001512","RemoteOK","Web Developer verified Contra Â  ğŸŒ Worldwide ğŸ’° $150k - $150k â° Contractor","Web Developer verified Contra Â  ğŸŒ Worldwide ğŸ’° $150k - $150k â° Contractor","","","","27d","","https://remoteok.com/remote-jobs/remote-web-developer-contra-1093019","2025-05-19 22:41:53"
"17403249310154946034","RemoteOK","Senior React Full stack Developer Lemon.io Â  ğŸ‡ªğŸ‡º Europe ğŸ’ƒ Latin America ğŸ‡¦ğŸ‡º Australia ğŸ‡¨ğŸ‡¦ Canada ğŸ‡®ğŸ‡© Indonesia ğŸ‡³ğŸ‡¿ New Zealand ğŸ‡µğŸ‡¬ Papua New Guinea ğŸ‡µğŸ‡­ Philippines ğŸ‡¬ğŸ‡§ United Kingdom ğŸ‡ºğŸ‡¸ United States ğŸ’° $60k - $200k","Senior React Full stack Developer Lemon.io Â  ğŸ‡ªğŸ‡º Europe ğŸ’ƒ Latin America ğŸ‡¦ğŸ‡º Australia ğŸ‡¨ğŸ‡¦ Canada ğŸ‡®ğŸ‡© Indonesia ğŸ‡³ğŸ‡¿ New Zealand ğŸ‡µğŸ‡¬ Papua New Guinea ğŸ‡µğŸ‡­ Philippines ğŸ‡¬ğŸ‡§ United Kingdom ğŸ‡ºğŸ‡¸ United States ğŸ’° $60k - $200k","","","","27d","","https://remoteok.com/remote-jobs/remote-senior-react-full-stack-developer-lemon-io-1093015","2025-05-19 22:41:53"
"17731837640403776528","RemoteOK","Administrative Executive Prime Design & Build Â  ğŸ’ƒ Latin America ğŸŒ Worldwide ğŸ’° $10k - $50k","Administrative Executive Prime Design & Build Â  ğŸ’ƒ Latin America ğŸŒ Worldwide ğŸ’° $10k - $50k","","","","1mo","","https://remoteok.com/remote-jobs/remote-administrative-executive-prime-design-build-1092987","2025-05-19 22:41:53"
"1097866437151492584","RemoteOK","Full Stack Engineer Stealth Â  ğŸŒ Worldwide ğŸ’° $60k - $180k â° Contractor","Full Stack Engineer Stealth Â  ğŸŒ Worldwide ğŸ’° $60k - $180k â° Contractor","","","","1mo","","https://remoteok.com/remote-jobs/remote-full-stack-engineer-stealth-1092912","2025-05-19 22:41:53"
"14519373326575187052","RemoteOK","Senior Software Engineer verified Emergent Software Â  ğŸŒ Probably worldwide ğŸ’° $68k - $100k*","Senior Software Engineer verified Emergent Software Â  ğŸŒ Probably worldwide ğŸ’° $68k - $100k*","","","","1mo","","https://remoteok.com/remote-jobs/remote-senior-software-engineer-emergent-software-1092940","2025-05-19 22:41:53"
"5261219544113877010","RemoteOK","Full Stack Developer ğŸˆ verified Incyte Studios Â  ğŸ‡ºğŸ‡¸ United States ğŸ’° $130k - $170k","Full Stack Developer ğŸˆ verified Incyte Studios Â  ğŸ‡ºğŸ‡¸ United States ğŸ’° $130k - $170k","","","","1mo","","https://remoteok.com/remote-jobs/remote-full-stack-developer-incyte-studios-1086821","2025-05-19 22:41:53"
"15752802531135501792","RemoteOK","Senior PHP Laravel Developer Full Stack ğŸˆ Interaction Design Foundation Â  ğŸŒ Worldwide ğŸ’° $10k - $750k","Senior PHP Laravel Developer Full Stack ğŸˆ Interaction Design Foundation Â  ğŸŒ Worldwide ğŸ’° $10k - $750k","","","","2mo","","https://remoteok.com/remote-jobs/remote-senior-php-laravel-developer-full-stack-interaction-design-foundation-1084150","2025-05-19 22:41:53"
"12102469769469868350","RemoteOK","spoke person labs ai Â  ğŸŒ Worldwide ğŸ’° $20k - $40k â° Part time","spoke person labs ai Â  ğŸŒ Worldwide ğŸ’° $20k - $40k â° Part time","","","","2mo","","https://remoteok.com/remote-jobs/remote-spoke-person-labs-ai-1087588","2025-05-19 22:41:53"
"11260574363591017887","RemoteOK","Senior Data Engineer Soda Data Â  ğŸ‡ªğŸ‡º Europe ğŸ’° $90k - $120k","Senior Data Engineer Soda Data Â  ğŸ‡ªğŸ‡º Europe ğŸ’° $90k - $120k","","","","2mo","","https://remoteok.com/remote-jobs/remote-senior-data-engineer-soda-data-1087414","2025-05-19 22:41:53"
"9968175077914507572","RemoteOK","Sr Software Developer PHP MySQL verified LendingWise Â  ğŸŒ Worldwide ğŸ’° $30k - $60k","Sr Software Developer PHP MySQL verified LendingWise Â  ğŸŒ Worldwide ğŸ’° $30k - $60k","","","","2mo","","https://remoteok.com/remote-jobs/remote-sr-software-developer-php-mysql-lendingwise-1087580","2025-05-19 22:41:53"
"994293640858035510","RemoteOK","React Native Developer ğŸˆ Private.Ki Â  ğŸŒ Worldwide ğŸ’° $50k - $60k","React Native Developer ğŸˆ Private.Ki Â  ğŸŒ Worldwide ğŸ’° $50k - $60k","","","","3mo","","https://remoteok.com/remote-jobs/remote-react-native-developer-private-ki-1075396","2025-05-19 22:41:53"
"2056129029603050449","RemoteOK","Intermediate Angular Developer ğŸˆ verified Revelator Â  ğŸ‡ªğŸ‡º Europe ğŸ‡¿ğŸ‡¦ South Africa ğŸ’° $60k - $70k","Intermediate Angular Developer ğŸˆ verified Revelator Â  ğŸ‡ªğŸ‡º Europe ğŸ‡¿ğŸ‡¦ South Africa ğŸ’° $60k - $70k","","","","3mo","","https://remoteok.com/remote-jobs/remote-intermediate-angular-developer-revelator-1058054","2025-05-19 22:41:53"
"16489007679968850566","RemoteOK","Senior Software Engineer Backend Coinbase Developer Platform ğŸ‡ºğŸ‡¸ United States ğŸ’° $63k - $105k*","Senior Software Engineer Backend Coinbase Developer Platform ğŸ‡ºğŸ‡¸ United States ğŸ’° $63k - $105k*","","","","3mo","","https://remoteok.com/remote-jobs/remote-senior-software-engineer-backend-coinbase-developer-platform-1081525","2025-05-19 22:41:53"
"14847556062347018065","RemoteOK","Developer Stoneridge Software Â  Minneapolis, MN ğŸ’° $60k - $80k*","Developer Stoneridge Software Â  Minneapolis, MN ğŸ’° $60k - $80k*","","","","4mo","","https://remoteok.com/remote-jobs/remote-developer-stoneridge-software-1069448","2025-05-19 22:41:53"
"8730663810133383670","WeWorkRemotely","View Company Profile Senior Full-Stack Engineer: Exciting Early-Stage Startup ğŸš€ New Koast.ai Tampa, Florida Featured Contract Anywhere in the World","","","","","","","https://weworkremotely.com/company/koast-ai","2025-05-19 22:41:56"
